<?xml version="1.0" encoding="UTF-8"?><?xml-stylesheet type='text/xsl' href='_UpgradeReport_Files/UpgradeReport.xslt'?><UpgradeLog>
<Properties><Property Name="Solution" Value="WindowsFormsApplication1">
</Property><Property Name="Файл решения" Value="G:\Документы\Мои универ.документы\1. Разное от старшекурсников\C#\3 семестр\WindowsFormsApplication4\WindowsFormsApplication1.sln">
</Property><Property Name="Date" Value="28 марта 2016 г.">
</Property><Property Name="Time" Value="12:44">
</Property></Properties><Event ErrorLevel="0" Project="" Source="WindowsFormsApplication1.sln" Description="Успешно создана резервная копия файла G:\Документы\Мои универ.документы\1. Разное от старшекурсников\C#\3 семестр\WindowsFormsApplication4\Backup\WindowsFormsApplication1.sln">
</Event><Event ErrorLevel="0" Project="WindowsFormsApplication1" Source="WindowsFormsApplication1\WindowsFormsApplication1.csproj" Description="Успешно создана резервная копия файла проекта: G:\Документы\Мои универ.документы\1. Разное от старшекурсников\C#\3 семестр\WindowsFormsApplication4\Backup\WindowsFormsApplication1\WindowsFormsApplication1.csproj">
</Event><Event ErrorLevel="0" Project="WindowsFormsApplication1" Source="WindowsFormsApplication1\Figure.cs" Description="Успешно создана резервная копия файла G:\Документы\Мои универ.документы\1. Разное от старшекурсников\C#\3 семестр\WindowsFormsApplication4\Backup\WindowsFormsApplication1\Figure.cs">
</Event><Event ErrorLevel="0" Project="WindowsFormsApplication1" Source="WindowsFormsApplication1\Form1.cs" Description="Успешно создана резервная копия файла G:\Документы\Мои универ.документы\1. Разное от старшекурсников\C#\3 семестр\WindowsFormsApplication4\Backup\WindowsFormsApplication1\Form1.cs">
</Event><Event ErrorLevel="0" Project="WindowsFormsApplication1" Source="WindowsFormsApplication1\Form1.Designer.cs" Description="Успешно создана резервная копия файла G:\Документы\Мои универ.документы\1. Разное от старшекурсников\C#\3 семестр\WindowsFormsApplication4\Backup\WindowsFormsApplication1\Form1.Designer.cs">
</Event><Event ErrorLevel="0" Project="WindowsFormsApplication1" Source="WindowsFormsApplication1\Form2.cs" Description="Успешно создана резервная копия файла G:\Документы\Мои универ.документы\1. Разное от старшекурсников\C#\3 семестр\WindowsFormsApplication4\Backup\WindowsFormsApplication1\Form2.cs">
</Event><Event ErrorLevel="0" Project="WindowsFormsApplication1" Source="WindowsFormsApplication1\Form2.Designer.cs" Description="Успешно создана резервная копия файла G:\Документы\Мои универ.документы\1. Разное от старшекурсников\C#\3 семестр\WindowsFormsApplication4\Backup\WindowsFormsApplication1\Form2.Designer.cs">
</Event><Event ErrorLevel="0" Project="WindowsFormsApplication1" Source="WindowsFormsApplication1\Program.cs" Description="Успешно создана резервная копия файла G:\Документы\Мои универ.документы\1. Разное от старшекурсников\C#\3 семестр\WindowsFormsApplication4\Backup\WindowsFormsApplication1\Program.cs">
</Event><Event ErrorLevel="0" Project="WindowsFormsApplication1" Source="WindowsFormsApplication1\Properties\AssemblyInfo.cs" Description="Успешно создана резервная копия файла G:\Документы\Мои универ.документы\1. Разное от старшекурсников\C#\3 семестр\WindowsFormsApplication4\Backup\WindowsFormsApplication1\Properties\AssemblyInfo.cs">
</Event><Event ErrorLevel="0" Project="WindowsFormsApplication1" Source="WindowsFormsApplication1\Properties\Resources.Designer.cs" Description="Успешно создана резервная копия файла G:\Документы\Мои универ.документы\1. Разное от старшекурсников\C#\3 семестр\WindowsFormsApplication4\Backup\WindowsFormsApplication1\Properties\Resources.Designer.cs">
</Event><Event ErrorLevel="0" Project="WindowsFormsApplication1" Source="WindowsFormsApplication1\Properties\Settings.Designer.cs" Description="Успешно создана резервная копия файла G:\Документы\Мои универ.документы\1. Разное от старшекурсников\C#\3 семестр\WindowsFormsApplication4\Backup\WindowsFormsApplication1\Properties\Settings.Designer.cs">
</Event><Event ErrorLevel="0" Project="WindowsFormsApplication1" Source="WindowsFormsApplication1\Properties\Settings.settings" Description="Успешно создана резервная копия файла G:\Документы\Мои универ.документы\1. Разное от старшекурсников\C#\3 семестр\WindowsFormsApplication4\Backup\WindowsFormsApplication1\Properties\Settings.settings">
</Event><Event ErrorLevel="0" Project="WindowsFormsApplication1" Source="WindowsFormsApplication1\Form1.resx" Description="Успешно создана резервная копия файла G:\Документы\Мои универ.документы\1. Разное от старшекурсников\C#\3 семестр\WindowsFormsApplication4\Backup\WindowsFormsApplication1\Form1.resx">
</Event><Event ErrorLevel="0" Project="WindowsFormsApplication1" Source="WindowsFormsApplication1\Form2.resx" Description="Успешно создана резервная копия файла G:\Документы\Мои универ.документы\1. Разное от старшекурсников\C#\3 семестр\WindowsFormsApplication4\Backup\WindowsFormsApplication1\Form2.resx">
</Event><Event ErrorLevel="0" Project="WindowsFormsApplication1" Source="WindowsFormsApplication1\Properties\Resources.resx" Description="Успешно создана резервная копия файла G:\Документы\Мои универ.документы\1. Разное от старшекурсников\C#\3 семестр\WindowsFormsApplication4\Backup\WindowsFormsApplication1\Properties\Resources.resx">
</Event><Event ErrorLevel="0" Project="WindowsFormsApplication1" Source="WindowsFormsApplication1\WindowsFormsApplication1.csproj" Description="Проект успешно преобразован">
</Event><Event ErrorLevel="3" Project="WindowsFormsApplication1" Source="WindowsFormsApplication1\WindowsFormsApplication1.csproj" Description="Converted">
</Event><Event ErrorLevel="0" Project="" Source="WindowsFormsApplication1.sln" Description="Преобразование решения успешно завершено">
</Event><Event ErrorLevel="3" Project="" Source="WindowsFormsApplication1.sln" Description="Converted">
</Event><Event ErrorLevel="0" Project="WindowsFormsApplication1" Source="WindowsFormsApplication1\WindowsFormsApplication1.csproj" Description="Сканирование завершено: обновление для файлов проекта не требуется.">
</Event></UpgradeLog>